Close Date,Deal Name,Deal ID,Deal Stage,Amount,Closed amount,Latest Traffic Source
02/01/2026 00:00,Wilca Seafoods Limited - 40ft GA,48842740058,Closed Won (Salesforce - Opportunity),10840,10840,Offline Sources
07/01/2026 00:00,Mobius - 2x 20ft GA,38678751050,Closed Lost (Salesforce - Opportunity),25560,0,Organic Search
07/01/2026 00:00,Buy It Direct - Mega Options,51479806305,Closed Lost (Salesforce - Opportunity),97600,0,Offline Sources
07/01/2026 00:00,Swiss Farm Ltd-10ft Options,51947107700,Closed Lost (Salesforce - Opportunity),3800,0,Offline Sources
07/01/2026 00:00,Dear Brothers Catering Ltd-40ft & Mega Options,46619407924,Closed Lost (Salesforce - Opportunity),6500,0,Direct Traffic
07/01/2026 00:00,The Jackalope Cafe- 20ft GA,53238623089,Closed Won (Salesforce - Opportunity),4600,4600,Offline Sources
07/01/2026 00:00,Premier Food Wholesale Ltd- 40ft GA,53247356798,Closed Won (Salesforce - Opportunity),11790,11790,Offline Sources
07/01/2026 00:00,Chokdee Ltd-Mega Options,43828836401,Closed Lost (Salesforce - Opportunity),64420,0,Organic Search
07/01/2026 00:00,"Naman- 10ft, 20ft & 40ft Options",53266549579,Closed Lost (Salesforce - Opportunity),4510,0,Organic Search
07/01/2026 00:00,LloydsDirect by Lloyds Pharmacy T/A Metabolic Healthcare Ltd-Blast Options,43578532617,Closed Lost (Salesforce - Opportunity),73920,0,Offline Sources
08/01/2026 00:00,Claude N Smith Ltd - 40ft GB,43840941137,Closed Won (Salesforce - Opportunity),31700,31700,Offline Sources
08/01/2026 00:00,Food Link-20ft Options,52508647000,Closed Lost (Salesforce - Opportunity),50400,0,Direct Traffic
09/01/2026 00:00,IGF - 10ft GA,52031542598,Closed Lost (Salesforce - Opportunity),27491,0,Organic Search
09/01/2026 00:00,Goodies Foods Mediterranean Ltd - 2x 40ft GB,53375168870,Closed Won (Salesforce - Opportunity),11400,11400,Offline Sources
09/01/2026 00:00,Nurture Brands Ltd- 20ft Blast,53456725590,Closed Won (Salesforce - Opportunity),18200,18200,Offline Sources
12/01/2026 00:00,Dnata Catering UK - Mega Options,51485952869,Closed Lost (Salesforce - Opportunity),288972,0,Offline Sources
12/01/2026 00:00,Kismet Kebabs / Coldharbour Contracts - 20ft GB & 3x 40ft Blast,48393543065,Closed Lost (Salesforce - Opportunity),244020,0,Organic Search
12/01/2026 00:00,Pantree Marketplace Ltd- 20ft & 40ft Options,38672082765,Closed Lost (Salesforce - Opportunity),5180,0,Organic Search
12/01/2026 00:00,Iain Lindsay - 40ft GB,46111837600,Closed Lost (Salesforce - Opportunity),5880,0,Paid Search
12/01/2026 00:00,Gate Gourmet Ltd- Mega 40 6in1 elevated with 4 loadhouses and fixed loading platform,50451630893,Closed Lost (Salesforce - Opportunity),550280,0,Offline Sources
12/01/2026 00:00,SJB Foods- Mega Options,50447042362,Closed Lost (Salesforce - Opportunity),95000,0,Paid Search
12/01/2026 00:00,Downie Fish - 20ft Blast,44481687103,Closed Lost (Salesforce - Opportunity),49160,0,Referrals
12/01/2026 00:00,OSI International Foods Ltd - QTU,43299729963,Closed Lost (Salesforce - Opportunity),75500,0,Offline Sources
12/01/2026 00:00,Noray Seafood SL - Blast Options,44529835672,Closed Lost (Salesforce - Opportunity),45000,0,Direct Traffic
12/01/2026 00:00,Jersey Deep Freeze Ltd - 10ft Blast,50561713057,Closed Lost (Salesforce - Opportunity),49000,0,Paid Search
12/01/2026 00:00,Bakkavor Meals- 40ft Blast Freezer,38671388251,Closed Lost (Salesforce - Opportunity),116050,0,Direct Traffic
12/01/2026 00:00,TFP (Central) Ltd - 20ft GB,38678501776,Closed Lost (Salesforce - Opportunity),4535,0,Offline Sources
12/01/2026 00:00,Ocado Retail Ltd - Mega Options,50897597984,Closed Lost (Salesforce - Opportunity),31400,0,Offline Sources
12/01/2026 00:00,Eaten Alive Ltd- 20ft GA,39273744640,Closed Lost (Salesforce - Opportunity),10230,0,Email Marketing
12/01/2026 00:00,Fodabox Limited- Mega 40 3in1,50475194385,Closed Lost (Salesforce - Opportunity),35052,0,Offline Sources
12/01/2026 00:00,Aramark Ltd (Head Office) - 40ft GA & Mega 40 2in1,51506487387,Closed Lost (Salesforce - Opportunity),99314,0,Offline Sources
12/01/2026 00:00,Growers Garden - 60kW Blast,53273211917,Closed Lost (Salesforce - Opportunity),94560,0,Paid Search
12/01/2026 00:00,Zahn Choudary - 40ft GB,45045987193,Closed Lost (Salesforce - Opportunity),6470,0,Offline Sources
12/01/2026 00:00,Pasta King (UK) Ltd - Blast Options,48953247384,Closed Lost (Salesforce - Opportunity),46160,0,Offline Sources
12/01/2026 00:00,Brakes - 20ft GA,43327396872,Closed Lost (Salesforce - Opportunity),4640,0,Offline Sources
12/01/2026 00:00,Pilgrim's UK Lamb Ltd - Mega Options,50532103963,Closed Lost (Salesforce - Opportunity),95000,0,Organic Search
14/01/2026 00:00,Kingsley Village Ltd - PG7,45304206726,Closed Lost (Salesforce - Opportunity),71990,0,Offline Sources
14/01/2026 00:00,THG Labs- 40ft Options,53375012995,Closed Lost (Salesforce - Opportunity),6060,0,Organic Search
15/01/2026 00:00,Kite Packaging Ltd - 40ft GB,48532290368,Closed Lost (Salesforce - Opportunity),13810,0,Direct Traffic
15/01/2026 00:00,PepsiCo UK- Mega 40 6in1,50489206824,Closed Lost (Salesforce - Opportunity),258845,0,Direct Traffic
15/01/2026 00:00,AB Fruits Ltd - 20ft 40ft Options,53385145151,Closed Lost (Salesforce - Opportunity),9800,0,Offline Sources
16/01/2026 00:00,Ocean Fish Ltd - Mega Options,41583087153,Closed Lost (Salesforce - Opportunity),95000,0,Offline Sources
16/01/2026 00:00,WM Air Conditioning - 20ft 40ft Options,45352798062,Closed Lost (Salesforce - Opportunity),4660,0,Offline Sources
16/01/2026 00:00,Medina Food Group Limited-Mega Options,41160363054,Closed Lost (Salesforce - Opportunity),29000,0,Organic Search
16/01/2026 00:00,BASF SE - 10ft 40ft & Mega Options,44106259225,Closed Lost (Salesforce - Opportunity),7260,0,Direct Traffic
16/01/2026 00:00,The Food Heroes Limited - 20ft Options (Dole Liverpool),44077698449,Closed Lost (Salesforce - Opportunity),5030,0,Offline Sources
16/01/2026 00:00,Abel and Cole (Andover)- Blast Freezer Options,41138209945,Closed Lost (Salesforce - Opportunity),48960,0,Direct Traffic
16/01/2026 00:00,Food Attraction Ltd - 20ft 40ft & Mega Options,38661494147,Closed Lost (Salesforce - Opportunity),4460,0,Organic Search
16/01/2026 00:00,Ideal Foods Ltd - 20ft 40ft & Blast Options,43735613602,Closed Lost (Salesforce - Opportunity),4820,0,Offline Sources
19/01/2026 00:00,Arthur Mallon Foods-20ft Blast Options,40744557897,Closed Lost (Salesforce - Opportunity),6700,0,Offline Sources
19/01/2026 00:00,Balkania Ltd- 5x 40ft GB,50906976306,Closed Won (Salesforce - Opportunity),12000,12000,Offline Sources
19/01/2026 00:00,C&D Foods- 10ft and a humidifier (Both systems will be separate),43270238591,Closed Lost (Salesforce - Opportunity),34280,0,Offline Sources
20/01/2026 00:00,Pak Mecca Meats Ltd - 40ft GB,46826549316,Closed Won (Salesforce - Opportunity),9640,9640,Offline Sources
20/01/2026 00:00,Braehead Foods Ltd - 40ft GA,53750694513,Closed Won (Salesforce - Opportunity),4130,4130,Offline Sources
22/01/2026 00:00,Henllan Bread (UK) Limited - 40ft GA+,42383612164,Closed Won (Salesforce - Opportunity),41500,41500,Paid Search
22/01/2026 00:00,Dragon Brand Foods TA Honed Flavours- 20ft GA,45725244569,Closed Won (Salesforce - Opportunity),1050,1050,Offline Sources
22/01/2026 00:00,Hellenic Supplies Ltd - 20ft GB & 40ft GB,45878352540,Closed Won (Salesforce - Opportunity),21900,21900,Referrals
22/01/2026 00:00,Ocean Fresh Italia Srl-40ft -60 Superfreezer,38675332763,Closed Lost (Salesforce - Opportunity),335400,0,Offline Sources
22/01/2026 00:00,Tazaki Foods Ltd - 20ft GA,43866985731,Closed Won (Salesforce - Opportunity),6070,6070,Direct Traffic
23/01/2026 00:00,ABP Ireland (Clones)- QTU Options,43478344480,Closed Lost (Salesforce - Opportunity),7800,0,Offline Sources
26/01/2026 00:00,Atlantic Technological University-10ft & 20ft Options,42401704717,Closed Lost (Salesforce - Opportunity),6880,0,Direct Traffic
26/01/2026 00:00,European Refreshments- 45ft Options,50561859615,Closed Lost (Salesforce - Opportunity),3500,0,Offline Sources
26/01/2026 00:00,Celtic Chocolates Limited- 40ft Options,50375974250,Closed Lost (Salesforce - Opportunity),7400,0,Organic Search
26/01/2026 00:00,Lidl Ireland GmbH- 20ft Blast Freezer,53864889960,Closed Won (Salesforce - Opportunity),6875,6875,Offline Sources
26/01/2026 00:00,Edgewater Foods- 20ft Options,47638523491,Closed Lost (Salesforce - Opportunity),32225,0,Offline Sources
26/01/2026 00:00,Rongs Wholesale- 20ft & 40ft Options,50757713733,Closed Lost (Salesforce - Opportunity),8500,0,Organic Search
26/01/2026 00:00,IPI Limited- 20ft Options,51097432998,Closed Lost (Salesforce - Opportunity),26025,0,Organic Search
26/01/2026 00:00,Kish Fish Co. Ltd- 40ft GA,42927512923,Closed Lost (Salesforce - Opportunity),22740,0,Offline Sources
26/01/2026 00:00,BlackBox Bakery- 40ft GA,39673033857,Closed Lost (Salesforce - Opportunity),8680,0,Direct Traffic
27/01/2026 00:00,Velocity Composites - 40ft & Mega Options,45133946703,Closed Lost (Salesforce - Opportunity),27400,0,Offline Sources
27/01/2026 00:00,SRCL Ltd- 2x 45ft GC,53453356678,Closed Won (Salesforce - Opportunity),54600,54600,Offline Sources
27/01/2026 00:00,Yorkshire Brine Shrimp Supplies - 10ft 20ft Options,54601262340,Closed Lost (Salesforce - Opportunity),5180,0,Offline Sources
27/01/2026 00:00,Tanpopo Japanese Food- 20ft Options,54286788145,Closed Lost (Salesforce - Opportunity),4660,0,Offline Sources
29/01/2026 00:00,CS Ignite - 10ft GA,53726264943,Closed Lost (Salesforce - Opportunity),8000,0,Organic Search
29/01/2026 00:00,Stylemove Food Ltd - 40ft & Mega Options,48167971194,Closed Lost (Salesforce - Opportunity),6200,0,Offline Sources
29/01/2026 00:00,Tolchards Ltd - 20ft 40ft Options,51479962764,Closed Lost (Salesforce - Opportunity),9940,0,Organic Search
29/01/2026 00:00,Goldens International Ltd - 20ft 40ft Options,51949461843,Closed Lost (Salesforce - Opportunity),3520,0,Offline Sources
29/01/2026 00:00,Cornish Cheese - 20ft GB,49599364265,Closed Lost (Salesforce - Opportunity),5900,0,Offline Sources
30/01/2026 00:00,David Walker - 40ft & Mega Options,49692191269,Closed Lost (Salesforce - Opportunity),5900,0,Direct Traffic
30/01/2026 00:00,Andrew Wootton - 40ft Options,51934758818,Closed Lost (Salesforce - Opportunity),9660,0,Organic Search
31/01/2026 00:00,Mouthful-Blast Options,45073528358,Quote Given (Salesforce - Opportunity),19110,0,Offline Sources
31/01/2026 00:00,Abisola- 10ft & 20ft Options,43225994917,Quote Given (Salesforce - Opportunity),5600,0,Organic Search
31/01/2026 00:00,TNK Trading Limited- 20ft & 40ft Options,43473772050,Quote Given (Salesforce - Opportunity),5030,0,Paid Search
31/01/2026 00:00,H C-40ft Options,51297085500,Quote Given (Salesforce - Opportunity),6110,0,Offline Sources
31/01/2026 00:00,"Miriam Mensah-20ft, 40ft & Mega Options",44845019285,Quote Given (Salesforce - Opportunity),6760,0,Organic Search
31/01/2026 00:00,Pasha Food Products Ltd-Blast Options,44905719835,Quote Given (Salesforce - Opportunity),16120,0,Organic Search
31/01/2026 00:00,Fisher And Woods G.C. Ltd- 20ft & 40ft Options,53676301623,Closed Lost (Salesforce - Opportunity),3920,0,Offline Sources
31/01/2026 00:00,Ye Olde Ltd- 20ft Options,43880296581,Quote Given (Salesforce - Opportunity),9960,0,Organic Search
31/01/2026 00:00,Primal Jerky Ltd- 10ft Options,43209882740,Quote Given (Salesforce - Opportunity),4560,0,Organic Search
31/01/2026 00:00,AH Empire Ltd-20ft Options,50456130098,Closed Lost (Salesforce - Opportunity),5380,0,Offline Sources
31/01/2026 00:00,Motis Ireland Ltd-40ft & Mega Options,51617249465,Quote Given (Salesforce - Opportunity),11700,0,Direct Traffic
31/01/2026 00:00,Carnivore FMC LTD - 40ft & Mega Options,42852902985,Quote Given (Salesforce - Opportunity),6060,0,Offline Sources
31/01/2026 00:00,Loseley Park - 20ft 40ft Options,42615743142,Quote Given (Salesforce - Opportunity),5290,0,Offline Sources
31/01/2026 00:00,Bagels + Schmear - 20ft 40ft Options,45460204290,Quote Given (Salesforce - Opportunity),5030,0,Organic Search
31/01/2026 00:00,Oliver Thomas- 20ft & 40ft Options,42607547224,Quote Given (Salesforce - Opportunity),5810,0,Paid Search
31/01/2026 00:00,"Famous Dimond-10ft, 20ft & 40ft Options",52014160198,Quote Given (Salesforce - Opportunity),20301,0,Paid Search
31/01/2026 00:00,J Pao And Co Ltd- 20ft Options,43400909661,Quote Given (Salesforce - Opportunity),28121.8,0,Direct Traffic
31/01/2026 00:00,Fridge Rentals Ltd  T/A Cross Rental Services(CF72 8LF) - 40ft Options,53238610326,Closed Lost (Salesforce - Opportunity),6440,0,Offline Sources
31/01/2026 00:00,Inpetco- 20ft & Mega Options,42636787124,Quote Given (Salesforce - Opportunity),11270,0,Organic Search
31/01/2026 00:00,Fridge Rentals Ltd  T/A Cross Rental Services(SG6)- 40ft GB,53260568659,Closed Lost (Salesforce - Opportunity),5715,0,Offline Sources
02/02/2026 00:00,Phosphonics-20ft Options,41106991533,Closed Lost (Salesforce - Opportunity),100250,0,Paid Search
04/02/2026 00:00,BWG Foods UC- Mega 40 3in1,51698847285,Closed Won (Salesforce - Opportunity),65004,65004,Offline Sources
04/02/2026 00:00,B & Z services Ltd - 40ft GB,55456044069,Closed Won (Salesforce - Opportunity),5590,5590,Offline Sources
05/02/2026 00:00,SKT Welfare - 40ft GA,51941898837,Closed Lost (Salesforce - Opportunity),3100,0,Organic Search
05/02/2026 00:00,Sunmagic Juices - 40ft Options,50393333340,Closed Lost (Salesforce - Opportunity),6400,0,Offline Sources
05/02/2026 00:00,Norman Pratt Conservatories- 40ft GA,53257519893,Closed Won (Salesforce - Opportunity),26000,26000,Offline Sources
05/02/2026 00:00,MM Ltd - 20ft GB,50580888928,Closed Lost (Salesforce - Opportunity),6160,0,Offline Sources
05/02/2026 00:00,Chosen Relics Ltd - 40ft GB,53404609937,Closed Won (Salesforce - Opportunity),5850,5850,Direct Traffic
05/02/2026 00:00,Gerard Ellis & Sons Ltd-Mega 40 2in1,54648786245,Closed Won (Salesforce - Opportunity),66000,66000,Offline Sources
05/02/2026 00:00,Tiger Superstore Ltd- 20ft GB,50546550368,Closed Lost (Salesforce - Opportunity),5900,0,Offline Sources
05/02/2026 00:00,Greenfields Food Supply Ltd (Cote Head Office)-Blast Options,52017668614,Closed Lost (Salesforce - Opportunity),15820,0,Paid Search
05/02/2026 00:00,Green Cooling - 20ft 40ft Options,51440286388,Closed Lost (Salesforce - Opportunity),5940,0,Organic Search
05/02/2026 00:00,Wang Zeng International - 20ft 40ft Options,51437497986,Closed Lost (Salesforce - Opportunity),4420,0,Offline Sources
05/02/2026 00:00,Alexander Asewando - 10ft GA,51948682152,Closed Lost (Salesforce - Opportunity),3100,0,Offline Sources
05/02/2026 00:00,GHE Phillips Ltd T/A Janes Pantry - 2x 40ft GA,53706038655,Closed Won (Salesforce - Opportunity),12440,12440,Paid Search
05/02/2026 00:00,Trojan eCommerce - 40ft & Mega Options,49757305986,Closed Lost (Salesforce - Opportunity),5900,0,Direct Traffic
05/02/2026 00:00,Cool Therm - 10ft GA,49655016272,Closed Lost (Salesforce - Opportunity),8600,0,Offline Sources
05/02/2026 00:00,Swara Trading International Ltd - 20ft 40ft Options,45679404305,Closed Lost (Salesforce - Opportunity),4860,0,Paid Search
05/02/2026 00:00,Safi Wholesale - 40ft GB,49652381604,Closed Lost (Salesforce - Opportunity),5030,0,Offline Sources
05/02/2026 00:00,Ineos Hygienics Manufacturing UK Ltd- 40ft GA,38674082158,Closed Lost (Salesforce - Opportunity),10400,0,Offline Sources
05/02/2026 00:00,Village Markets Ltd - 40ft GB,49693875990,Closed Lost (Salesforce - Opportunity),5900,0,Offline Sources
10/02/2026 00:00,Arcus FM Limited-45ft GC x4 C1119 C1120 C1122 C1123,52477302417,Closed Lost (Salesforce - Opportunity),24960,0,Offline Sources
10/02/2026 00:00,We Prepare Limited - 20ft GA,55897097892,Closed Won (Salesforce - Opportunity),14040,14040,Referrals
10/02/2026 00:00,MedExpress Ltd- Pharma Options,54109370789,Closed Lost (Salesforce - Opportunity),26080,0,Paid Search
10/02/2026 00:00,Alpha Scientific Ltd - 10ft GA,54719305059,Closed Won (Salesforce - Opportunity),4660,4660,Offline Sources
10/02/2026 00:00,Tito's Import & Export Ltd- 40ft Grade C,38678725924,Closed Lost (Salesforce - Opportunity),2690,0,Organic Search
11/02/2026 00:00,Ideal Foods Ltd - 40ft GA,55340972365,Closed Won (Salesforce - Opportunity),23540,23540,Offline Sources
11/02/2026 00:00,Rightway Traders N/W Ltd - 40ft GB,46799761256,Closed Won (Salesforce - Opportunity),5030,5030,Offline Sources
11/02/2026 00:00,Fallon & Byrne-20ft GB C1529,56028251435,Closed Won (Salesforce - Opportunity),6240,6240,Offline Sources
11/02/2026 00:00,Milish Foods-20ft GA C1158 & PLAT 10,56093577589,Closed Won (Salesforce - Opportunity),21840,21840,Offline Sources
11/02/2026 00:00,Baker Hughes Energy Technology UK Ltd - 10ft GC (L152),38669500047,Closed Lost (Salesforce - Opportunity),1275.12,0,Offline Sources
12/02/2026 00:00,The Gluten Free Bakery - 10ft GA,56136833161,Closed Lost (Salesforce - Opportunity),4960,0,Paid Search
12/02/2026 00:00,Felstead Commercial Ltd - 40ft GA,56038150056,Closed Won (Salesforce - Opportunity),15600,15600,Organic Search
13/02/2026 00:00,Yolk Expressa Ltd - 40ft GB,52860732698,Closed Lost (Salesforce - Opportunity),10380,0,Organic Search
16/02/2026 00:00,Macroom Buffalo Cheese-20ft & 40ft Options,56154221220,Closed Lost (Salesforce - Opportunity),9700,0,Offline Sources
16/02/2026 00:00,Westacre Farms - Mega 3in1 & 20ft Blast (Custom Mega),46652373920,Closed Won (Salesforce - Opportunity),136252,136252,Direct Traffic
17/02/2026 00:00,Agromus Limited- 10ft GA,42379745657,Closed Lost (Salesforce - Opportunity),5680,0,Offline Sources
18/02/2026 00:00,Karavela- Blast Freezer Options,45985112927,Closed Lost (Salesforce - Opportunity),(No value),0,Offline Sources
18/02/2026 00:00,Keelings Fresh-,50471320468,Closed Lost (Salesforce - Opportunity),(No value),0,Offline Sources
18/02/2026 00:00,Eirgen- Stability Chamber Options,45091670441,Closed Lost (Salesforce - Opportunity),(No value),0,Organic Search
18/02/2026 00:00,Intercontinental Foods(UK) Ltd T/A Donya Foods- 2x 40ft GB,56478217319,Closed Won (Salesforce - Opportunity),20760,20760,Organic Search
18/02/2026 00:00,Aramex-Pharma Options,40383339946,Closed Lost (Salesforce - Opportunity),64200,0,Offline Sources
18/02/2026 00:00,Walsh Mechanical Engineering Limited-20ft Options,48436814758,Closed Lost (Salesforce - Opportunity),47951,0,Offline Sources
18/02/2026 00:00,GE Healthcare-Stability Chamber Options,38678501779,Closed Lost (Salesforce - Opportunity),247562,0,Organic Search
18/02/2026 00:00,Chemco-Mega Options,48890196596,Closed Lost (Salesforce - Opportunity),438600,0,Offline Sources
18/02/2026 00:00,Attewell Ltd-20ft & 40ft Options,44757059210,Closed Lost (Salesforce - Opportunity),18720,0,Direct Traffic
18/02/2026 00:00,Velico Medical International Limited-VeliPod Compact (USA),54842290280,Closed Lost (Salesforce - Opportunity),64788.9,0,Offline Sources
19/02/2026 00:00,Eisai Manufacturing Limited (Hertfordshire)-Mega Options,38678689355,Closed Lost (Salesforce - Opportunity),209160,0,Organic Search
19/02/2026 00:00,Fuel Hub Limited -10ft Blast,55398586753,Closed Won (Salesforce - Opportunity),23000,23000,Offline Sources
19/02/2026 00:00,Fareva-10ft & Pharma Options,50372713510,Closed Lost (Salesforce - Opportunity),(No value),0,Direct Traffic
19/02/2026 00:00,Oasis Market Ltd - 2x 20ft GB,43004277108,Closed Won (Salesforce - Opportunity),9520,9520,Offline Sources
19/02/2026 00:00,Oriental Food Express Ltd- 20ft GB,55892932782,Closed Won (Salesforce - Opportunity),13760,13760,Offline Sources
20/02/2026 00:00,ALGECO Norway AS- Mega Options,53232642740,Closed Lost (Salesforce - Opportunity),(No value),0,Offline Sources
23/02/2026 00:00,Herd Butchery Limited- 10ft Options,51108630889,Closed Lost (Salesforce - Opportunity),4480,0,Offline Sources
23/02/2026 00:00,Delifresh Ltd - 40ft Options,53679129909,Closed Lost (Salesforce - Opportunity),5440,0,Organic Search
23/02/2026 00:00,T&T Frozen Foods Ltd- 20ft & 40ft Options,54343516714,Closed Lost (Salesforce - Opportunity),8320,0,Offline Sources
23/02/2026 00:00,J K P Metal Packaging - 10ft 20ft 40ft Options,53928542055,Closed Lost (Salesforce - Opportunity),4920,0,Organic Search
23/02/2026 00:00,Creating Taste Ltd-20ft GB,56612274609,Closed Won (Salesforce - Opportunity),14040,14040,Offline Sources
23/02/2026 00:00,Berkeley Farm Dairy (Wiltshire)- Mega Options,43129708965,Closed Lost (Salesforce - Opportunity),111900,0,Offline Sources
23/02/2026 00:00,A&F Gelati Italiani Ltd - 10ft GA,49022974271,Closed Lost (Salesforce - Opportunity),5900,0,Offline Sources
24/02/2026 00:00,Barentz UK Ltd- 40ft GB,56197665322,Closed Won (Salesforce - Opportunity),6320,6320,Offline Sources
25/02/2026 00:00,Jamie Briggs Removals and Storage Ltd - 40ft Options,49725722541,Closed Lost (Salesforce - Opportunity),10360,0,Offline Sources
25/02/2026 00:00,SJ Berisford Limited T/A SJB Foods - 40ft GA,56950669980,Closed Won (Salesforce - Opportunity),7760,7760,Paid Search
25/02/2026 00:00,Statfold Country Park - 10ft 20ft Options,53899925658,Closed Lost (Salesforce - Opportunity),5180,0,Offline Sources
25/02/2026 00:00,Cotswold Fridge Hire- 20ft Options,54350030245,Closed Lost (Salesforce - Opportunity),5600,0,Offline Sources
25/02/2026 00:00,Umair Shah - 40ft GB,52924758813,Closed Lost (Salesforce - Opportunity),5940,0,Paid Search
25/02/2026 00:00,Fine Med Foods Ltd - 10ft 20ft Options,54545264452,Closed Lost (Salesforce - Opportunity),9910,0,Offline Sources
25/02/2026 00:00,Belles Choice Limited-10ft Options,52815734881,Closed Lost (Salesforce - Opportunity),5700,0,Paid Search
25/02/2026 00:00,Conscious Food - 2x 40ft GB,48291301932,Closed Lost (Salesforce - Opportunity),10040,0,Offline Sources
25/02/2026 00:00,Atlas Elektronik UK Ltd - 20ft GB,50370229364,Closed Lost (Salesforce - Opportunity),17640,0,Offline Sources
25/02/2026 00:00,Hankuk Composite UK Ltd - 40ft & Mega Options,49677608467,Closed Lost (Salesforce - Opportunity),5900,0,Paid Search
25/02/2026 00:00,Northern Chips Ltd-20ft & 40ft Options,43231126851,Closed Lost (Salesforce - Opportunity),5980,0,Offline Sources
26/02/2026 00:00,Bedford Hospital- 20ft Options,38671044393,Quote Given (Salesforce - Opportunity),5030,0,Offline Sources
26/02/2026 00:00,Cape Fish Co-40ft Options,44077968282,Quote Given (Salesforce - Opportunity),7480,0,Paid Search
27/02/2026 00:00,Country Crest ULC-40ft GC C2227,57129219644,Closed Won (Salesforce - Opportunity),5200,5200,Offline Sources
28/02/2026 00:00,"Farmstead Foods Ltd-10ft, 20ft & 40ft Options",52831319150,Quote Given (Salesforce - Opportunity),6200,0,Direct Traffic
28/02/2026 00:00,Willy's Pies- Blast Freezer Options,45767348622,Quote Given (Salesforce - Opportunity),35190,0,Offline Sources
28/02/2026 00:00,JMS-10ft Options,47723129969,Quote Given (Salesforce - Opportunity),6750,0,Offline Sources
28/02/2026 00:00,Flavor Sampling Ltd-10ft Options,51420907582,Quote Given (Salesforce - Opportunity),6420,0,Paid Search
28/02/2026 00:00,Jimmy's Bakery - 10ft GA,49647574040,Quote Given (Salesforce - Opportunity),5380,0,Offline Sources
28/02/2026 00:00,NFS Meats-Blast Options,47636502138,Quote Given (Salesforce - Opportunity),16120,0,Offline Sources
28/02/2026 00:00,Fredrick’s Smart Logistics - Mega Options,46547490318,Quote Given (Salesforce - Opportunity),40420,0,Offline Sources
28/02/2026 00:00,Monsurat- 40ft Options,45463155281,Quote Given (Salesforce - Opportunity),5550,0,Paid Search
28/02/2026 00:00,Natco Foods Ltd (Buckingham)-Blast Options,50469459371,Quote Given (Salesforce - Opportunity),49060,0,Offline Sources
28/02/2026 00:00,Dog Centre Milton Keynes Ltd- 20ft & 40ft Options,46316034364,Quote Given (Salesforce - Opportunity),5030,0,Offline Sources
28/02/2026 00:00,The Centre for Process Innovation-Blast Options,51006493879,Quote Given (Salesforce - Opportunity),18720,0,Referrals
28/02/2026 00:00,Highland Fine Cheese-Blast Options,45001156967,Quote Given (Salesforce - Opportunity),16520,0,Organic Search
28/02/2026 00:00,The Fruitpig Company Ltd-40ft Options,46802807198,Quote Given (Salesforce - Opportunity),6630,0,Paid Search
28/02/2026 00:00,Truly Treats- Blast & Mega Options,45787344530,Quote Given (Salesforce - Opportunity),59620,0,Offline Sources
28/02/2026 00:00,Cibosano Ltd- 20ft & 40ft Options,45895364380,Quote Given (Salesforce - Opportunity),5130,0,Paid Search
28/02/2026 00:00,Murat .-40ft & Mega Options,51417771703,Quote Given (Salesforce - Opportunity),11080,0,Paid Search
28/02/2026 00:00,Sparks Transport-40ft Options,51613263725,Quote Given (Salesforce - Opportunity),15860,0,Direct Traffic
28/02/2026 00:00,"Just William Butchers- 20ft, 40ft, Mega & Blast Freezer Options",46127572362,Quote Given (Salesforce - Opportunity),5130,0,Organic Search
28/02/2026 00:00,Mike Freedman-40ft Options,51504633525,Quote Given (Salesforce - Opportunity),6500,0,Offline Sources
28/02/2026 00:00,Eden Project- 40ft Options,45459600405,Quote Given (Salesforce - Opportunity),7100,0,Organic Search
28/02/2026 00:00,"The Bushel Box Farm Shop-10ft, 20ft & 40ft Options",46635524527,Quote Given (Salesforce - Opportunity),6500,0,Offline Sources
28/02/2026 00:00,Gareth Tucker- 40ft Options,45470009928,Quote Given (Salesforce - Opportunity),5550,0,Paid Search
28/02/2026 00:00,Rebecca Kean-20ft & 40ft Options,51503000165,Quote Given (Salesforce - Opportunity),5680,0,Paid Search
28/02/2026 00:00,Lesta Packaging-40ft & Mega Options,51047462428,Quote Given (Salesforce - Opportunity),6500,0,Direct Traffic
28/02/2026 00:00,"Hill Farm Finest Ltd- 20ft, 40ft & Mega Options",46032070147,Quote Given (Salesforce - Opportunity),5550,0,Direct Traffic
28/02/2026 00:00,Alpi UK Ltd- 40ft Options,45495037004,Quote Given (Salesforce - Opportunity),5550,0,Organic Search
28/02/2026 00:00,Fast-Trans Leicester LTD-20FT & 40ft Options,48135758953,Quote Given (Salesforce - Opportunity),5850,0,Direct Traffic
28/02/2026 00:00,iGAS-TS - 40ft GB,45492162424,Quote Given (Salesforce - Opportunity),6060,0,Direct Traffic
28/02/2026 00:00,Affinity Water-20ft & 40ft Options,50882901375,Quote Given (Salesforce - Opportunity),27141,0,Organic Search
28/02/2026 00:00,Fresh Harvest Global and Partners-40ft Options,50519848629,Quote Given (Salesforce - Opportunity),5715,0,Organic Search
28/02/2026 00:00,Department of Earth and Science-20ft Options,48141510415,Quote Given (Salesforce - Opportunity),26741,0,Offline Sources
28/02/2026 00:00,VE Kirk and Sons-40ft Options,47723125780,Quote Given (Salesforce - Opportunity),11900,0,Organic Search
28/02/2026 00:00,Michael Justice- 20ft & 40ft Options,45643465745,Quote Given (Salesforce - Opportunity),5030,0,Paid Search
28/02/2026 00:00,TFS Foods Ltd- 40ft & Mega Options,45492009244,Quote Given (Salesforce - Opportunity),5650,0,Offline Sources
28/02/2026 00:00,Broadland Hams (Norfolk) Ltd-10ft Options,50894172601,Quote Given (Salesforce - Opportunity),10580,0,Organic Search
28/02/2026 00:00,TFS Foods Limited - 40ft Options,45991544938,Quote Given (Salesforce - Opportunity),5800,0,Direct Traffic
28/02/2026 00:00,Graham Sharman- 20ft & 40ft Options,46341389094,Quote Given (Salesforce - Opportunity),10560,0,Offline Sources
28/02/2026 00:00,Jun Yan-20ft & 40ft Options,48193872751,Quote Given (Salesforce - Opportunity),5980,0,AI Referrals
28/02/2026 00:00,Arthur David - 40ft Options,46000808203,Quote Given (Salesforce - Opportunity),5800,0,Offline Sources
28/02/2026 00:00,Sussex Spices Ltd-40ft Options,51505146910,Quote Given (Salesforce - Opportunity),34588,0,Offline Sources
28/02/2026 00:00,The Leagues UK-20ft & 40ft Options,52797218730,Quote Given (Salesforce - Opportunity),6460,0,Direct Traffic
28/02/2026 00:00,Emma- 40ft Options,46250004565,Quote Given (Salesforce - Opportunity),5410,0,Organic Search
28/02/2026 00:00,Star Dairies Ltd- 40ft Options,45896890262,Quote Given (Salesforce - Opportunity),5160,0,Offline Sources
28/02/2026 00:00,"Hutch- 20ft & 40ft GA, GB",45885804565,Quote Given (Salesforce - Opportunity),5550,0,Direct Traffic
28/02/2026 00:00,GR Freight Services Ltd-40ft Options,47221453148,Quote Given (Salesforce - Opportunity),6680,0,Offline Sources
28/02/2026 00:00,Metrow Foods - 20ft 40ft Options,45462523447,Quote Given (Salesforce - Opportunity),5030,0,Offline Sources
28/02/2026 00:00,Fountain Construction (Anglia) LTD-Mega Options,47424155185,Quote Given (Salesforce - Opportunity),78720,0,Organic Search
28/02/2026 00:00,Jab Studios-40ft Options,44084940184,Quote Given (Salesforce - Opportunity),7480,0,Offline Sources
28/02/2026 00:00,Eli Lilly (Kinsale)-20ft Atex,48361767941,Closed Won (Salesforce - Opportunity),257138,257138,Organic Search
28/02/2026 00:00,Hanna & Son's Caribbean Taste Ltd - 40ft Options,45993399656,Quote Given (Salesforce - Opportunity),5800,0,Paid Search
28/02/2026 00:00,Weatherhead Shop Designers-20ft Options,50725254524,Quote Given (Salesforce - Opportunity),4530,0,Direct Traffic
28/02/2026 00:00,Peter . - 20ft Options,51157771642,Quote Given (Salesforce - Opportunity),5380,0,Offline Sources
28/02/2026 00:00,AC Composites Ltd - 40ft GB,45452113751,Quote Given (Salesforce - Opportunity),5700,0,Paid Search
28/02/2026 00:00,Brian-10ft Options,50896496530,Quote Given (Salesforce - Opportunity),20301,0,Organic Search
28/02/2026 00:00,Stef Langdons - 60kW Blast,48832429945,Quote Given (Salesforce - Opportunity),70300,0,Offline Sources
28/02/2026 00:00,City Connect Ltd - 20ft 40ft Options,48852793148,Quote Given (Salesforce - Opportunity),5380,0,Offline Sources
28/02/2026 00:00,Associate Events-40ft Options,51909147718,Quote Given (Salesforce - Opportunity),6910,0,Paid Search
28/02/2026 00:00,FineCal Group Ltd-10ft Options,47426395001,Quote Given (Salesforce - Opportunity),5980,0,Paid Search
28/02/2026 00:00,Stokes Sauces Ltd-20ft & 40ft Options,51517442065,Quote Given (Salesforce - Opportunity),27141,0,Direct Traffic
28/02/2026 00:00,High Voltage Grid Services - 20ft Options,45427994195,Quote Given (Salesforce - Opportunity),28940,0,Organic Search
28/02/2026 00:00,Brickell’s Ice Cream-20ft & 40ft Options,51434391602,Quote Given (Salesforce - Opportunity),5380,0,Offline Sources
28/02/2026 00:00,Southampton City Council-10ft & 20ft Options,51938081064,Quote Given (Salesforce - Opportunity),6200,0,Offline Sources
28/02/2026 00:00,De La Creme- 20ft Options,43738269544,Quote Given (Salesforce - Opportunity),28871.8,0,Offline Sources
28/02/2026 00:00,Flying Logistics Air Cargo Ltd - 20ft 40ft GA GB,48778663730,Quote Given (Salesforce - Opportunity),5380,0,Organic Search
28/02/2026 00:00,Devon Farm Kitchen Ltd-20ft Options,52175724705,Quote Given (Salesforce - Opportunity),5880,0,Organic Search
02/03/2026 00:00,Euro Frozen Foods Ltd - 40ft GA,57344501396,Closed Won (Salesforce - Opportunity),11940,11940,Organic Search
02/03/2026 00:00,Ballymaguire Foods- Mega 40 8in1 MEGA166,51539943596,Closed Won (Salesforce - Opportunity),195000,195000,Offline Sources
02/03/2026 00:00,J Van Vliet-20ft Options,57153290334,Closed Lost (Salesforce - Opportunity),2530,0,Organic Search
03/03/2026 00:00,Glenilen Farm-40ft GC,56396479585,Closed Won (Salesforce - Opportunity),25950,25950,Offline Sources
03/03/2026 00:00,Collins Seafoods South West Limited - 2x 40ft GA,54797405321,Closed Won (Salesforce - Opportunity),11900,11900,Organic Search
04/03/2026 00:00,Sofina Foods Inc (Humberstone Road) - Mega Project,48232637977,Closed Lost (Salesforce - Opportunity),744400,0,Offline Sources
04/03/2026 00:00,Aurora Seafood - 25kW Blast,52034441124,Closed Lost (Salesforce - Opportunity),225700,0,Organic Search
04/03/2026 00:00,Tazaki Foods Ltd - ULT & Anti Room,56231911301,Closed Lost (Salesforce - Opportunity),196250,0,Direct Traffic
05/03/2026 00:00,Penta Hotel Reading - 10ft GA,54599377753,Closed Lost (Salesforce - Opportunity),5680,0,Organic Search
05/03/2026 00:00,"Flying Fish Seafoods Co Ltd - 20ft GA, 40ft GA & Mega 20 3in1",53852631962,Closed Won (Salesforce - Opportunity),64740,64740,Direct Traffic
05/03/2026 00:00,Hidden Street Food - 10ft GA,53387684120,Closed Lost (Salesforce - Opportunity),14540,0,Offline Sources
05/03/2026 00:00,Natural History Museum - 20ft GA,54790754071,Closed Lost (Salesforce - Opportunity),4360,0,Direct Traffic
05/03/2026 00:00,Yaqoob and Sons Ltd - 20ft 40ft Options,48775179389,Closed Lost (Salesforce - Opportunity),5940,0,Direct Traffic
05/03/2026 00:00,Phardiag Ltd-PG 7,47800251248,Closed Lost (Salesforce - Opportunity),30340,0,Offline Sources
05/03/2026 00:00,The North Cotswold Ice Cream Company - 20ft GB,54596986193,Closed Lost (Salesforce - Opportunity),5080,0,Paid Search
05/03/2026 00:00,Events Runway - 40ft GB,54832145498,Closed Lost (Salesforce - Opportunity),5430,0,Organic Search
05/03/2026 00:00,Conservation Letterfrack (Kilmainham)-20ft GB,57381020600,Closed Won (Salesforce - Opportunity),1900,1900,Offline Sources
05/03/2026 00:00,Exalt-Mega Options,56115501748,Closed Lost (Salesforce - Opportunity),188167.6,0,AI Referrals
05/03/2026 00:00,Rame Architects Ltd - 20ft Blast,57485440143,Closed Lost (Salesforce - Opportunity),(No value),0,Offline Sources
05/03/2026 00:00,Jerk Delights - 10ft Blast,55080435772,Closed Lost (Salesforce - Opportunity),(No value),0,Offline Sources
05/03/2026 00:00,Snowdon Mountain Railway Station - 10ft 20ft Options,53886057639,Closed Lost (Salesforce - Opportunity),8540,0,Offline Sources
05/03/2026 00:00,Brenntag-ATEX Options,51657023832,Closed Lost (Salesforce - Opportunity),(No value),0,Organic Search
05/03/2026 00:00,Zayyan Foods Distribution Ltd - 40ft GB,53395200064,Closed Lost (Salesforce - Opportunity),10230,0,Offline Sources
05/03/2026 00:00,JinnyB & Co Ltd - 20ft GB,50580938280,Closed Lost (Salesforce - Opportunity),5640,0,Offline Sources
05/03/2026 00:00,Cappoquin Logistics & Document Storage-Pharma & Mega Options,48025792357,Closed Lost (Salesforce - Opportunity),40180,0,Offline Sources
05/03/2026 00:00,Bright Blue Foods Limited - Mega 40 3in1,44389018458,Closed Won (Salesforce - Opportunity),117000,117000,Offline Sources
06/03/2026 00:00,"Blundell & Co- 10ft, 20ft & 40ft Options",57657048425,Closed Lost (Salesforce - Opportunity),25000,0,Direct Traffic
09/03/2026 00:00,Tower Cold Chain Solutions-40ft Options,56857709453,Closed Won (Salesforce - Opportunity),35154,35154,Offline Sources
10/03/2026 00:00,Lyons Seafoods Ltd - Mega 40 4in1,50588905997,Closed Won (Salesforce - Opportunity),235820,235820,Offline Sources
10/03/2026 00:00,Hype Save Big Ltd - 20ft GA,53405097303,Closed Won (Salesforce - Opportunity),16100,16100,Offline Sources
10/03/2026 00:00,Folly Farm - 10ft 20ft Options,54828739939,Closed Lost (Salesforce - Opportunity),5180,0,Offline Sources
11/03/2026 00:00,Darlish Ltd - 20ft GA,57152514595,Closed Won (Salesforce - Opportunity),4800,4800,Offline Sources
11/03/2026 00:00,Mebsons-20ft GA x2,57849974300,Closed Won (Salesforce - Opportunity),4510,4510,Direct Traffic
11/03/2026 00:00,Pet Treats Wholesale Ltd - 40ft GB,55495455015,Closed Lost (Salesforce - Opportunity),11420,0,Offline Sources
12/03/2026 00:00,Prime Cut Butchers Ltd - Mega 20 3in1,57052095346,Closed Won (Salesforce - Opportunity),52700,52700,Organic Search
13/03/2026 00:00,W.Wing Yip Ltd T/A Wing Yip - 40ft GB (Renewal RAVU6710593),53378917033,Closed Won (Salesforce - Opportunity),5720,5720,Direct Traffic
13/03/2026 00:00,Alainn Superfoods Ltd-20ft GA,55493144728,Closed Won (Salesforce - Opportunity),18460,18460,Offline Sources
13/03/2026 00:00,Roots & Heritage Ltd T/A Ogbongeh.com-20ft GA,57560836425,Closed Won (Salesforce - Opportunity),4960,4960,Offline Sources
16/03/2026 00:00,Velico Medical International Limited -VeliPod MAX,57906792267,Closed Won (Salesforce - Opportunity),197903,197903,Offline Sources
16/03/2026 00:00,LabCorp-Pharma Options,38674829966,Closed Lost (Salesforce - Opportunity),27812,0,Organic Search
16/03/2026 00:00,Charlie Bighams Ltd - 10ft Blast,57448718897,Closed Lost (Salesforce - Opportunity),49000,0,Offline Sources
17/03/2026 00:00,Pure Food Production Ltd - 40ft GA,45457264943,Closed Won (Salesforce - Opportunity),12993.2,12993.2,Offline Sources
17/03/2026 00:00,Collins Seafoods South West Limited - 40ft GA,58022328985,Closed Won (Salesforce - Opportunity),5961,5961,Organic Search
17/03/2026 00:00,Kroyair Ltd- 20ft GA,57914072576,Closed Won (Salesforce - Opportunity),6419.8,6419.8,Offline Sources
18/03/2026 00:00,The Brunch Box Sandwich Co. Ltd T/A The Brunch Box-10ft & 20ft Options,56958651201,Closed Won (Salesforce - Opportunity),7453.2,7453.2,Offline Sources
18/03/2026 00:00,Ameon Limited - 20ft GA,46324720972,Closed Won (Salesforce - Opportunity),5699.9,5699.9,Offline Sources
19/03/2026 00:00,J F Edwards (Smithfield) Ltd - Mega 40 3in1,58182480404,Closed Won (Salesforce - Opportunity),73740,73740,Offline Sources
19/03/2026 00:00,DB Foods Ltd - 60kW Blast,52019179094,Closed Lost (Salesforce - Opportunity),90800,0,Offline Sources
23/03/2026 00:00,Hatov Distribution Head Office - Mega 40 3in1,57126287377,Closed Lost (Salesforce - Opportunity),76320,0,Offline Sources
23/03/2026 00:00,Sofina Foods Inc (Malton) - Mega Options,46320035233,Closed Lost (Salesforce - Opportunity),123760,0,Offline Sources
23/03/2026 00:00,Metrow Foods (Grays) Limited-Mega Options,42550093859,Closed Lost (Salesforce - Opportunity),509360,0,Organic Search
23/03/2026 00:00,Origin Valley Pet Nutrition Ltd-Mega Options,56391001983,Closed Won (Salesforce - Opportunity),61160,61160,Offline Sources
24/03/2026 00:00,Boylan Fruits Ltd-40ft Options,56499266864,Closed Lost (Salesforce - Opportunity),9420,0,Offline Sources
24/03/2026 00:00,Lanza Foods Ltd - 20ft Options,46296158871,Closed Lost (Salesforce - Opportunity),4250,0,Paid Search
24/03/2026 00:00,Tasty MacPac Ltd - 20ft GA,56877408407,Closed Lost (Salesforce - Opportunity),14540,0,Offline Sources
24/03/2026 00:00,Green Isle Foods Ltd- Mega Options,53805689505,Closed Lost (Salesforce - Opportunity),42580,0,Offline Sources
24/03/2026 00:00,MMM Family Bakery-20ft & 45ft Options,54500485990,Closed Lost (Salesforce - Opportunity),11480,0,Offline Sources
25/03/2026 00:00,Test,58318812719,Quote Under Review (Salesforce - Opportunity),(No value),0,(No value)
26/03/2026 00:00,Hert Estates Ltd- Blast Freezer Options,41181239809,Quote Given (Salesforce - Opportunity),53866,0,Offline Sources
27/03/2026 00:00,Pets Corner - 20ft GA,55041312911,Closed Lost (Salesforce - Opportunity),6740,0,Direct Traffic
27/03/2026 00:00,Bee Revived - 20ft Options,55359748179,Closed Lost (Salesforce - Opportunity),6095,0,Offline Sources
27/03/2026 00:00,Sue-10ft Options,45016830884,Closed Lost (Salesforce - Opportunity),18769,0,Offline Sources
27/03/2026 00:00,True Source Trading Ltd - 20ft GA,57417852783,Closed Won (Salesforce - Opportunity),5443.33,5443.33,Direct Traffic
27/03/2026 00:00,Lebap Ltd-10ft Options,44397228694,Closed Lost (Salesforce - Opportunity),12000,0,Direct Traffic
27/03/2026 00:00,Sellafield Ltd - 10ft 20ft Options,56155969682,Closed Lost (Salesforce - Opportunity),42641,0,Offline Sources
27/03/2026 00:00,Fridge Rentals Ltd T/A Cross Rental Services(GU22 9AL)- 10ft Options,56699887923,Closed Lost (Salesforce - Opportunity),33200,0,Offline Sources
27/03/2026 00:00,Fridge Rentals Ltd T/A Cross Rental Services(M12 4RZ)- 10ft Options,56679386288,Closed Lost (Salesforce - Opportunity),1820,0,Offline Sources
27/03/2026 00:00,Delitalia Ltd - 40ft Options,51952690105,Closed Lost (Salesforce - Opportunity),113700,0,Paid Search
27/03/2026 00:00,Tirlan-40ft Options,58261076119,Closed Won (Salesforce - Opportunity),3688,3688,Offline Sources
27/03/2026 00:00,"Bright Blue Foods Limited - 40ft GA, 40ft GB & Mega 40 3in1",53615234363,Closed Won (Salesforce - Opportunity),208000,208000,Offline Sources
28/03/2026 00:00,Black Stone - 10ft 20ft Options,45493788691,Quote Given (Salesforce - Opportunity),5030,0,Offline Sources
28/03/2026 00:00,Bio Products Laboratory- 40ft GA,53950923661,Final Running (Salesforce - Opportunity),5720,0,Offline Sources
30/03/2026 00:00,RP Meats Ltd-20ft Options,57907270744,Closed Lost (Salesforce - Opportunity),5977.5,0,Direct Traffic
30/03/2026 00:00,Alpine Racing Ltd- 2x 20ft GA,38678722202,Quote Given (Salesforce - Opportunity),16640,0,Offline Sources
30/03/2026 00:00,Nutrition X- 40ft GB,57913330581,Closed Won (Salesforce - Opportunity),5543.33,5543.33,Offline Sources
30/03/2026 00:00,Manual- Blast Freezer Options,38674829956,Quote Given (Salesforce - Opportunity),15060,0,Organic Search
31/03/2026 00:00,AW Meats - 20ft 40ft Options,53493073180,Quote Given (Salesforce - Opportunity),8720,0,Organic Search
31/03/2026 00:00,Biochek- 20ft & 40ft Options,50469629226,Closed Lost (Salesforce - Opportunity),9220,0,Referrals
31/03/2026 00:00,The Bread and Butter Thing - Mega 40 2in1 (Renewal),42431786885,Quote Given (Salesforce - Opportunity),75300,0,Offline Sources
31/03/2026 00:00,Tzorah Limited- 20ft & 40ft Options,54191330918,Quote Given (Salesforce - Opportunity),5380,0,Organic Search
31/03/2026 00:00,Provider Fisheries Limited - Blast Options,51935062898,Closed Lost (Salesforce - Opportunity),46160,0,Offline Sources
31/03/2026 00:00,Holt Farm- 20ft Options,54800963924,Closed Lost (Salesforce - Opportunity),20700,0,Direct Traffic
31/03/2026 00:00,McLaren Automotive - Mega Options,56204719682,Closed Lost (Salesforce - Opportunity),98500,0,Organic Search
31/03/2026 00:00,"Eskimo Ice Limited- 10ft, 20ft & 40ft Options",56020381211,Closed Lost (Salesforce - Opportunity),4130,0,Paid Search
31/03/2026 00:00,Terry- 10ft & 20ft Options,53675722828,Quote Given (Salesforce - Opportunity),4560,0,Paid Search
31/03/2026 00:00,Bristol-Myers Squibb (BMS) Cruiserath Biologics-PG 33,38675340468,Negotiation (Salesforce - Opportunity),40300,0,Offline Sources
31/03/2026 00:00,Natex UK Ltd - Mega Options,54962760586,Closed Lost (Salesforce - Opportunity),121000,0,Offline Sources
31/03/2026 00:00,S & S Food Ventures Ltd- 20ft Options,53231377034,Quote Given (Salesforce - Opportunity),5030,0,Organic Search
31/03/2026 00:00,UK Border Force- 10ft & 20ft Options,38665097865,Closed Lost (Salesforce - Opportunity),34581.25,0,Offline Sources
31/03/2026 00:00,"Innate Essence Ltd T/A The Turmeric Co- Hotbox, Mega & QTU Options",53385094243,Closed Lost (Salesforce - Opportunity),8280,0,Organic Search
31/03/2026 00:00,Hypergood Ltd T/A Royal Gourmet Ltd- Mega Options,42414804067,Closed Lost (Salesforce - Opportunity),52140,0,Direct Traffic
31/03/2026 00:00,Gizem .- 10ft & 20ft Options,54068852290,Quote Given (Salesforce - Opportunity),5550,0,Paid Search
31/03/2026 00:00,Edward Vinson Ltd (Lady Dane Farm) - 10ft GA,56885631261,Closed Lost (Salesforce - Opportunity),7580,0,Direct Traffic
31/03/2026 00:00,Isle of Anglesey County Council- 4x 10ft GA,58554616199,Closed Lost (Salesforce - Opportunity),144490,0,Offline Sources
31/03/2026 00:00,Ark Wholesalers Ltd - 20ft GB,54608088147,Closed Lost (Salesforce - Opportunity),12980,0,Paid Search
31/03/2026 00:00,Greencore Group (Warrington)- Mega & 40ft Options,56684974622,Closed Lost (Salesforce - Opportunity),72200,0,Offline Sources
31/03/2026 00:00,Produce Network- 20ft & 40ft Options,53232006245,Quote Given (Salesforce - Opportunity),5030,0,Paid Search
31/03/2026 00:00,The Juice Smith - 10ft Blast,57495753880,Closed Lost (Salesforce - Opportunity),16350,0,Organic Search
31/03/2026 00:00,Reach Logistics And Fulfilment Limited - 40ft GB (Transfer of unit  TYRU2022379),57908357463,Verbal Agreement (Salesforce - Opportunity),4160,0,Offline Sources
31/03/2026 00:00,"Dawat Group- 10ft, 20ft & 40ft Options",53250764335,Quote Given (Salesforce - Opportunity),4510,0,Direct Traffic
31/03/2026 00:00,Escapade Hotel- 20ft Options,53360713987,Quote Given (Salesforce - Opportunity),3475,0,Organic Search
31/03/2026 00:00,Shicken Foods - 40ft & Mega Options,53727403875,Closed Lost (Salesforce - Opportunity),19220,0,Offline Sources
31/03/2026 00:00,Food Chain International Ltd - 20ft GC,54630620305,Closed Lost (Salesforce - Opportunity),21250,0,Offline Sources
31/03/2026 00:00,Newberry Int- 10ft & Blast Options,54186373522,Quote Given (Salesforce - Opportunity),5600,0,Offline Sources
31/03/2026 00:00,Sainsburys - Mega Options,45993862415,Closed Lost (Salesforce - Opportunity),123760,0,Direct Traffic
31/03/2026 00:00,SRCL Ltd-45ft GC x2,57330456131,Closed Won (Salesforce - Opportunity),54600,54600,Offline Sources
31/03/2026 00:00,Sunshine Foods Ltd - 40ft GB,55511153507,Closed Lost (Salesforce - Opportunity),5992,0,Paid Search
31/03/2026 00:00,Holland's Pies - QTU,55363907486,Closed Lost (Salesforce - Opportunity),88800,0,Offline Sources
31/03/2026 00:00,The Dogs Butcher Limited - 20ft GB,58373679366,Closed Won (Salesforce - Opportunity),5389.9,5389.9,Offline Sources
31/03/2026 00:00,Hodge and Huggett- 20ft & 40ft Options,53262092105,Quote Given (Salesforce - Opportunity),19420,0,Offline Sources
31/03/2026 00:00,Sea Sisters Ltd - 20ft GA,58044160283,Closed Won (Salesforce - Opportunity),9769.9,9769.9,Offline Sources
31/03/2026 00:00,Costco Wholesale UK Ltd (Head Office) - 20ft 40ft Options,49716269666,Closed Lost (Salesforce - Opportunity),5180,0,Offline Sources
31/03/2026 00:00,Brunos Dinner - 20ft GA,57338851143,Closed Lost (Salesforce - Opportunity),9860,0,Organic Search
31/03/2026 00:00,Roy Lupton- 20ft & Blast Options,53316463497,Quote Given (Salesforce - Opportunity),28871.8,0,Offline Sources
31/03/2026 00:00,UK Aquatics- 20ft Options,56464128567,Closed Lost (Salesforce - Opportunity),5700,0,Paid Search
31/03/2026 00:00,Crown Paints (part of Hempel) - 10ft GA,56194243999,Closed Lost (Salesforce - Opportunity),5160,0,Organic Search
31/03/2026 00:00,Doughball Pizza - 20ft GA (Box Swap C842) 10ft 20ft Blast (Renewal C1148/C2033),58051099162,Closed Won (Salesforce - Opportunity),74100,74100,Offline Sources
31/03/2026 00:00,Joseph .- 20ft & 40ft Options,53463611219,Quote Given (Salesforce - Opportunity),5810,0,Paid Search
31/03/2026 00:00,Wheelers Traditional Fishmonger - 20ft GA,57391399332,Closed Lost (Salesforce - Opportunity),47820,0,Offline Sources
31/03/2026 00:00,Around Noon - 2x Mega 40 3in1,45100132234,Closed Lost (Salesforce - Opportunity),224400,0,Offline Sources
31/03/2026 00:00,AAK Foods- Mega 40 9in1,38674826248,Closed Lost (Salesforce - Opportunity),442800,0,Offline Sources
31/03/2026 00:00,F.I.Burgoyne Limited- 10ft & 20ft Options,54057520249,Quote Given (Salesforce - Opportunity),5600,0,Offline Sources
31/03/2026 00:00,Cygnet Texkimp - 10ft 20ft Options,54191101834,Closed Lost (Salesforce - Opportunity),25250,0,Offline Sources
31/03/2026 00:00,Gower Coast Seafoods - 10ft Blast,54249417361,Closed Lost (Salesforce - Opportunity),16620,0,Offline Sources
31/03/2026 00:00,H Mart - 10ft 20ft 40ft Options,56027171371,Closed Lost (Salesforce - Opportunity),17660,0,Organic Search
31/03/2026 00:00,IMMA-20ft GB,56954956118,Closed Won (Salesforce - Opportunity),5380,5380,Organic Search
31/03/2026 00:00,Saputo- Blast Freezer Options,53637816976,Quote Given (Salesforce - Opportunity),29990,0,Organic Search
31/03/2026 00:00,A-Safe HQ Ltd - 20ft GA Renewal (C546),53278830931,Quote Given (Salesforce - Opportunity),14040,0,Offline Sources
01/04/2026 00:00,Velico Medical International Limited-VeliPod Compact (Paris),54600050203,Closed Lost (Salesforce - Opportunity),(No value),0,Offline Sources
01/04/2026 00:00,Dawn Meats- QTU Options,50893411513,Closed Lost (Salesforce - Opportunity),28200,0,Offline Sources
01/04/2026 00:00,Al Gali Ltd - 40ft GB,56666273655,Closed Lost (Salesforce - Opportunity),10900,0,Offline Sources
01/04/2026 00:00,Refrigeration Rentals Ltd (Cavan)-Blast Options,57800129882,Closed Lost (Salesforce - Opportunity),107800,0,Offline Sources
01/04/2026 00:00,Norton Healthcare Ltd T/A Teva Runcorn-40ft Options,39647802677,Closed Lost (Salesforce - Opportunity),400100,0,Offline Sources
01/04/2026 00:00,Ealu Retail Ltd (Furry Friends Ltd)-Mega Options,56471435057,Closed Lost (Salesforce - Opportunity),55620,0,Organic Search
01/04/2026 00:00,Freshways Limited (Dublin)- Max box & QTU Options,53726399297,Closed Lost (Salesforce - Opportunity),64860,0,Offline Sources
01/04/2026 00:00,Xeolas Pharmaceuticals Limited-Stability Chamber,40813637516,Closed Lost (Salesforce - Opportunity),228981.62,0,Offline Sources
01/04/2026 00:00,Adcock Refrigeration & Air Conditioning Ltd-20ft Options,55408009401,Closed Lost (Salesforce - Opportunity),31457.9,0,Offline Sources
01/04/2026 00:00,Wessex Water Services Ltd- Pharma Options,54315289626,Closed Won (Salesforce - Opportunity),89962,89962,Offline Sources
01/04/2026 00:00,Hovione Ltd- Mega Options,54302085970,Closed Won (Salesforce - Opportunity),106751.6,106751.6,Offline Sources
02/04/2026 00:00,Gill food services Ltd t/a Hfg Marketplace-10ft GA,58681387855,Closed Won (Salesforce - Opportunity),7782.8,7782.8,Direct Traffic
02/04/2026 00:00,Norco Holdings Ltd- 10ft Options,58154195749,Closed Lost (Salesforce - Opportunity),9368.8,0,Direct Traffic
07/04/2026 00:00,Intercontinental Foods(UK) Ltd T/A Donya Foods - 10ft 40ft Options,56919557484,Closed Lost (Salesforce - Opportunity),8300,0,Organic Search
08/04/2026 00:00,CDS Group Services Ltd- 20ft,58658400885,Closed Won (Salesforce - Opportunity),1750,1750,Offline Sources
08/04/2026 00:00,Wessex Water Services Ltd- PG 7,39312180244,Closed Lost (Salesforce - Opportunity),98020,0,Offline Sources
09/04/2026 00:00,Origin Valley Pet Nutrition Ltd- Maxbox Options,50764383253,Closed Lost (Salesforce - Opportunity),(No value),0,Offline Sources
09/04/2026 00:00,W&W Wholesale Ltd - 4x 40ft GC (Renewal C1409 C1649 C1650 C1651),58946166419,Closed Won (Salesforce - Opportunity),46800,46800,Offline Sources
09/04/2026 00:00,"Norton Healthcare Ltd T/A Teva Runcorn- 40ft GA, Mega 40 2in1 & 40ft ULT",58150887301,Closed Won (Salesforce - Opportunity),76720.4,76720.4,Offline Sources
12/04/2026 00:00,Crispy Dosa Kitchen Limited - 10ft Blast & 20ft GA,58380145848,Closed Won (Salesforce - Opportunity),20561.26,20561.26,Organic Search
14/04/2026 00:00,40ft GA Temp Box,59146395668,Closed Won (Salesforce - Opportunity),0,0,Offline Sources
15/04/2026 00:00,Aerospheres (UK) Ltd- 40ft GA,59164369847,Closed Won (Salesforce - Opportunity),6754.2,6754.2,Paid Search
15/04/2026 00:00,Goldhurst Distributions Ltd t/a The Pie Life - 40ft GB & 40ft GB Renewal (RAVU6623523),59170157581,Closed Won (Salesforce - Opportunity),9979.8,9979.8,Organic Search
15/04/2026 00:00,Finnvik Eiendom- 60kw Blast,57540778535,Closed Won (Salesforce - Opportunity),180700,180700,Organic Search
15/04/2026 00:00,Bluebell Dairy Ltd-40ft Options,57825510754,Closed Won (Salesforce - Opportunity),16150,16150,Direct Traffic
16/04/2026 00:00,House of Spice-40ft GA,59247551782,Closed Won (Salesforce - Opportunity),19933.2,19933.2,Offline Sources
16/04/2026 00:00,Velocity Composites plc  - 40ft GA,58675423286,Closed Won (Salesforce - Opportunity),3883.2,3883.2,Offline Sources
17/04/2026 00:00,JD.Com International UK Ltd - 12x 40ft GA,56991823691,Closed Won (Salesforce - Opportunity),108660,108660,Offline Sources
17/04/2026 00:00,Globuss Ltd - 2x Mega 40 3in1,59238029829,Verbal Agreement (Salesforce - Opportunity),157426.72,0,Offline Sources
17/04/2026 00:00,Refrigeration Rentals Ltd T/A Cross Rental Services Dublin-10ft & 20ft GA,58945147420,Closed Won (Salesforce - Opportunity),1897,1897,Offline Sources
